<?xml version="1.0" encoding="utf-8"?>
<extension type="plugin" group="osmap" method="upgrade">
    <name>PLG_OSMAP_DEMO</name>
    <author>Joomlashack</author>
    <authorEmail>help@joomlashack.com</authorEmail>
    <authorUrl>https://www.joomlashack.com</authorUrl>
    <copyright>Copyright 2016-2024 Joomlashack</copyright>
    <license>GNU GPL; see LICENSE file</license>
    <description>PLG_OSMAP_DEMO_DESCRIPTION</description>
    <version>4.3.1</version>
    <creationDate>February 22 2021</creationDate>

    <files>
        <folder>language</folder>
        <filename plugin="demo">demo.php</filename>
    </files>
</extension>
